timestamp,type,bus_id,passager_id,station,priorite
0,EMBARQUEMENT,BUS-L3-02,P001,13e Avenue,NORMALE
1,EMBARQUEMENT,BUS-L1-01,P002,Carrefour de l'Estrie,HAUTE
2,EMBARQUEMENT,BUS-L3-02,P003,King Ouest,HAUTE
3,EMBARQUEMENT,BUS-L11-02,P004,Universite Bishop's,NORMALE
4,EMBARQUEMENT,BUS-L1-02,P005,Bowen Sud,NORMALE
5,EMBARQUEMENT,BUS-L7-01,P006,Andre/Hallee,NORMALE
6,EMBARQUEMENT,BUS-L11-01,P007,Plateau St-Joseph,NORMALE
7,DEBARQUEMENT,BUS-L11-02,P004,King Ouest,NORMALE
8,EMBARQUEMENT,BUS-L7-01,P008,Plateau St-Joseph,HAUTE
9,EMBARQUEMENT,BUS-L2-01,P009,Universite Bishop's,NORMALE
10,DEBARQUEMENT,BUS-L2-01,P009,Station du Cegep,HAUTE
11,DEBARQUEMENT,BUS-L1-02,P005,Carrefour de l'Estrie,NORMALE
12,EMBARQUEMENT,BUS-L8-02,P010,Universite de Sherbrooke,HAUTE
13,EMBARQUEMENT,BUS-L2-02,P011,Universite de Sherbrooke,HAUTE
14,EMBARQUEMENT,BUS-L7-01,P012,Plateau St-Joseph,NORMALE
15,EMBARQUEMENT,BUS-L4-02,P013,Carrefour de l'Estrie,NORMALE
16,EMBARQUEMENT,BUS-L7-02,P014,CHUS-Fleurimont,NORMALE
17,EMBARQUEMENT,BUS-L7-01,P015,Andre/Hallee,NORMALE
18,EMBARQUEMENT,BUS-L8-01,P016,CHUS-Fleurimont,HAUTE
19,EMBARQUEMENT,BUS-L4-01,P017,King Ouest,NORMALE
20,EMBARQUEMENT,BUS-L6-02,P018,Universite de Sherbrooke,HAUTE
21,DEBARQUEMENT,BUS-L6-02,P018,CHUS-Fleurimont,NORMALE
22,DEBARQUEMENT,BUS-L7-01,P008,Andre/Hallee,NORMALE
23,EMBARQUEMENT,BUS-L8-02,P019,CHUS-Fleurimont,HAUTE
24,EMBARQUEMENT,BUS-L1-02,P020,Universite de Sherbrooke,NORMALE
25,EMBARQUEMENT,BUS-L11-02,P021,Universite Bishop's,NORMALE
26,DEBARQUEMENT,BUS-L7-01,P012,CHUS-Fleurimont,NORMALE
27,DEBARQUEMENT,BUS-L11-01,P007,Universite Bishop's,NORMALE
28,EMBARQUEMENT,BUS-L2-01,P022,Universite Bishop's,NORMALE
29,DEBARQUEMENT,BUS-L1-02,P020,Carrefour de l'Estrie,NORMALE
30,EMBARQUEMENT,BUS-L4-01,P023,Carrefour de l'Estrie,HAUTE
31,EMBARQUEMENT,BUS-L2-01,P024,King Ouest,NORMALE
32,EMBARQUEMENT,BUS-L11-01,P025,Plateau St-Joseph,NORMALE
33,EMBARQUEMENT,BUS-L11-02,P026,King Ouest,HAUTE
34,DEBARQUEMENT,BUS-L7-02,P014,CHUS-Fleurimont,NORMALE
35,EMBARQUEMENT,BUS-L3-02,P027,King Ouest,HAUTE
36,EMBARQUEMENT,BUS-L1-02,P028,Carrefour de l'Estrie,NORMALE
37,EMBARQUEMENT,BUS-L2-02,P029,Station du Cegep,HAUTE
38,EMBARQUEMENT,BUS-L11-01,P030,King Ouest,HAUTE
39,DEBARQUEMENT,BUS-L1-02,P028,Bowen Sud,HAUTE
40,DEBARQUEMENT,BUS-L2-01,P022,Universite de Sherbrooke,HAUTE
41,EMBARQUEMENT,BUS-L11-02,P031,Plateau St-Joseph,NORMALE
42,EMBARQUEMENT,BUS-L1-01,P032,Universite de Sherbrooke,HAUTE
43,DEBARQUEMENT,BUS-L7-01,P015,Plateau St-Joseph,NORMALE
44,EMBARQUEMENT,BUS-L1-02,P033,King Ouest,NORMALE
45,DEBARQUEMENT,BUS-L2-01,P024,King Ouest,NORMALE
46,DEBARQUEMENT,BUS-L11-02,P026,Universite Bishop's,HAUTE
47,DEBARQUEMENT,BUS-L4-01,P023,Station du Cegep,NORMALE
48,EMBARQUEMENT,BUS-L8-02,P034,CHUS-Fleurimont,NORMALE
49,EMBARQUEMENT,BUS-L11-01,P035,Universite Bishop's,NORMALE
50,EMBARQUEMENT,BUS-L2-02,P036,Universite de Sherbrooke,HAUTE
51,EMBARQUEMENT,BUS-L2-02,P037,Universite Bishop's,NORMALE
52,EMBARQUEMENT,BUS-L6-02,P038,CHUS-Fleurimont,NORMALE
53,EMBARQUEMENT,BUS-L4-02,P039,King Ouest,NORMALE
54,DEBARQUEMENT,BUS-L3-02,P003,Station du Cegep,HAUTE
55,EMBARQUEMENT,BUS-L4-01,P040,King Ouest,NORMALE
56,EMBARQUEMENT,BUS-L2-01,P041,Universite de Sherbrooke,NORMALE
57,EMBARQUEMENT,BUS-L6-01,P042,De Lisieux,NORMALE
58,EMBARQUEMENT,BUS-L1-01,P043,Bowen Sud,NORMALE
59,DEBARQUEMENT,BUS-L2-01,P041,Universite de Sherbrooke,NORMALE
60,EMBARQUEMENT,BUS-L11-02,P044,Plateau St-Joseph,NORMALE
61,EMBARQUEMENT,BUS-L6-01,P045,Universite de Sherbrooke,NORMALE
62,EMBARQUEMENT,BUS-L1-01,P046,King Ouest,HAUTE
63,EMBARQUEMENT,BUS-L11-02,P047,Plateau St-Joseph,HAUTE
64,DEBARQUEMENT,BUS-L11-01,P030,Plateau St-Joseph,HAUTE
65,DEBARQUEMENT,BUS-L8-01,P016,CHUS-Fleurimont,HAUTE
66,EMBARQUEMENT,BUS-L7-02,P048,CHUS-Fleurimont,NORMALE
67,EMBARQUEMENT,BUS-L2-01,P049,Universite de Sherbrooke,HAUTE
68,EMBARQUEMENT,BUS-L1-01,P050,Carrefour de l'Estrie,NORMALE
69,EMBARQUEMENT,BUS-L7-01,P051,Plateau St-Joseph,NORMALE
70,EMBARQUEMENT,BUS-L6-02,P052,Universite de Sherbrooke,NORMALE
71,DEBARQUEMENT,BUS-L2-01,P049,Universite Bishop's,NORMALE
72,EMBARQUEMENT,BUS-L4-02,P053,Galvin,NORMALE
73,EMBARQUEMENT,BUS-L3-02,P054,King Ouest,NORMALE
74,EMBARQUEMENT,BUS-L11-01,P055,King Ouest,NORMALE
75,EMBARQUEMENT,BUS-L8-01,P056,Station du Cegep,NORMALE
76,DEBARQUEMENT,BUS-L4-02,P013,King Ouest,NORMALE
77,EMBARQUEMENT,BUS-L3-01,P057,Station du Cegep,HAUTE
78,EMBARQUEMENT,BUS-L7-01,P058,Andre/Hallee,NORMALE
79,DEBARQUEMENT,BUS-L11-02,P047,Plateau St-Joseph,NORMALE
80,EMBARQUEMENT,BUS-L2-01,P059,Universite de Sherbrooke,HAUTE
81,EMBARQUEMENT,BUS-L11-01,P060,King Ouest,HAUTE
82,DEBARQUEMENT,BUS-L4-01,P040,Galvin,NORMALE
83,EMBARQUEMENT,BUS-L4-01,P061,Galvin,NORMALE
84,EMBARQUEMENT,BUS-L7-02,P062,CHUS-Fleurimont,NORMALE
85,DEBARQUEMENT,BUS-L2-01,P059,King Ouest,NORMALE
86,DEBARQUEMENT,BUS-L4-01,P061,Galvin,HAUTE
87,EMBARQUEMENT,BUS-L6-02,P063,De Lisieux,NORMALE
88,DEBARQUEMENT,BUS-L4-02,P039,Galvin,HAUTE
89,DEBARQUEMENT,BUS-L3-01,P057,Carrefour de l'Estrie,NORMALE
90,EMBARQUEMENT,BUS-L11-02,P064,Universite Bishop's,NORMALE
91,DEBARQUEMENT,BUS-L11-01,P060,King Ouest,NORMALE
92,EMBARQUEMENT,BUS-L7-02,P065,Andre/Hallee,NORMALE
93,EMBARQUEMENT,BUS-L7-01,P066,Plateau St-Joseph,NORMALE
94,DEBARQUEMENT,BUS-L1-01,P050,Bowen Sud,HAUTE
95,DEBARQUEMENT,BUS-L4-02,P053,Carrefour de l'Estrie,NORMALE
96,DEBARQUEMENT,BUS-L1-02,P033,King Ouest,HAUTE
97,EMBARQUEMENT,BUS-L1-01,P067,King Ouest,NORMALE
98,DEBARQUEMENT,BUS-L7-01,P058,Plateau St-Joseph,HAUTE
99,EMBARQUEMENT,BUS-L2-02,P068,Universite de Sherbrooke,HAUTE
100,DEBARQUEMENT,BUS-L2-02,P036,Universite de Sherbrooke,NORMALE
101,EMBARQUEMENT,BUS-L1-01,P069,Bowen Sud,HAUTE
102,EMBARQUEMENT,BUS-L4-02,P070,Station du Cegep,NORMALE
103,DEBARQUEMENT,BUS-L1-01,P069,King Ouest,NORMALE
104,EMBARQUEMENT,BUS-L8-02,P071,CHUS-Fleurimont,HAUTE
105,EMBARQUEMENT,BUS-L6-01,P072,De Lisieux,HAUTE
106,EMBARQUEMENT,BUS-L6-02,P073,CHUS-Fleurimont,NORMALE
107,EMBARQUEMENT,BUS-L3-02,P074,Station du Cegep,NORMALE
108,DEBARQUEMENT,BUS-L6-01,P042,De Lisieux,NORMALE
109,DEBARQUEMENT,BUS-L3-02,P001,King Ouest,NORMALE
110,DEBARQUEMENT,BUS-L7-01,P006,CHUS-Fleurimont,HAUTE
111,DEBARQUEMENT,BUS-L11-02,P064,Universite Bishop's,NORMALE
112,EMBARQUEMENT,BUS-L1-01,P075,Bowen Sud,NORMALE
113,EMBARQUEMENT,BUS-L3-02,P076,Station du Cegep,HAUTE
114,DEBARQUEMENT,BUS-L7-02,P048,Plateau St-Joseph,NORMALE
115,EMBARQUEMENT,BUS-L1-02,P077,Bowen Sud,NORMALE
116,EMBARQUEMENT,BUS-L7-02,P078,CHUS-Fleurimont,NORMALE
117,EMBARQUEMENT,BUS-L4-01,P079,King Ouest,NORMALE
118,DEBARQUEMENT,BUS-L7-01,P051,Plateau St-Joseph,HAUTE
119,EMBARQUEMENT,BUS-L2-02,P080,Universite de Sherbrooke,NORMALE
120,DEBARQUEMENT,BUS-L1-01,P046,Carrefour de l'Estrie,NORMALE
121,EMBARQUEMENT,BUS-L11-02,P081,King Ouest,NORMALE
122,EMBARQUEMENT,BUS-L7-01,P082,Plateau St-Joseph,NORMALE
123,EMBARQUEMENT,BUS-L2-01,P083,Universite de Sherbrooke,NORMALE
124,EMBARQUEMENT,BUS-L4-01,P084,Station du Cegep,NORMALE
125,EMBARQUEMENT,BUS-L4-01,P085,Carrefour de l'Estrie,NORMALE
126,EMBARQUEMENT,BUS-L1-01,P086,Carrefour de l'Estrie,NORMALE
127,EMBARQUEMENT,BUS-L8-01,P087,Universite de Sherbrooke,NORMALE
128,EMBARQUEMENT,BUS-L3-01,P088,13e Avenue,HAUTE
129,EMBARQUEMENT,BUS-L6-01,P089,CHUS-Fleurimont,NORMALE
130,DEBARQUEMENT,BUS-L11-01,P035,Universite Bishop's,HAUTE
131,DEBARQUEMENT,BUS-L6-02,P038,CHUS-Fleurimont,NORMALE
132,EMBARQUEMENT,BUS-L4-02,P090,Galvin,NORMALE
133,EMBARQUEMENT,BUS-L1-01,P091,Carrefour de l'Estrie,NORMALE
134,EMBARQUEMENT,BUS-L7-02,P092,Andre/Hallee,HAUTE
135,DEBARQUEMENT,BUS-L3-02,P027,13e Avenue,NORMALE
136,EMBARQUEMENT,BUS-L3-01,P093,13e Avenue,HAUTE
137,EMBARQUEMENT,BUS-L2-01,P094,Universite Bishop's,NORMALE
138,EMBARQUEMENT,BUS-L8-01,P095,CHUS-Fleurimont,NORMALE
139,EMBARQUEMENT,BUS-L3-02,P096,Carrefour de l'Estrie,HAUTE
140,EMBARQUEMENT,BUS-L8-02,P097,Station du Cegep,NORMALE
141,EMBARQUEMENT,BUS-L4-01,P098,Galvin,NORMALE
142,EMBARQUEMENT,BUS-L1-01,P099,Carrefour de l'Estrie,HAUTE
143,EMBARQUEMENT,BUS-L11-02,P100,Plateau St-Joseph,NORMALE
144,EMBARQUEMENT,BUS-L4-02,P101,King Ouest,HAUTE
145,DEBARQUEMENT,BUS-L4-02,P090,Carrefour de l'Estrie,HAUTE
146,EMBARQUEMENT,BUS-L6-02,P102,De Lisieux,HAUTE
147,DEBARQUEMENT,BUS-L8-02,P097,CHUS-Fleurimont,NORMALE
148,EMBARQUEMENT,BUS-L8-02,P103,Station du Cegep,NORMALE
149,EMBARQUEMENT,BUS-L4-02,P104,King Ouest,HAUTE
150,DEBARQUEMENT,BUS-L8-02,P034,Universite de Sherbrooke,NORMALE
151,EMBARQUEMENT,BUS-L2-02,P105,Universite de Sherbrooke,NORMALE
152,DEBARQUEMENT,BUS-L4-02,P070,King Ouest,NORMALE
153,DEBARQUEMENT,BUS-L1-01,P091,Universite de Sherbrooke,NORMALE
154,DEBARQUEMENT,BUS-L3-02,P076,Station du Cegep,HAUTE
155,EMBARQUEMENT,BUS-L3-02,P106,Carrefour de l'Estrie,NORMALE
156,DEBARQUEMENT,BUS-L4-01,P085,Station du Cegep,NORMALE
157,DEBARQUEMENT,BUS-L1-01,P067,King Ouest,HAUTE
158,EMBARQUEMENT,BUS-L7-02,P107,Andre/Hallee,NORMALE
159,EMBARQUEMENT,BUS-L4-01,P108,King Ouest,HAUTE
160,EMBARQUEMENT,BUS-L1-02,P109,King Ouest,NORMALE
161,EMBARQUEMENT,BUS-L1-02,P110,Carrefour de l'Estrie,HAUTE
162,DEBARQUEMENT,BUS-L4-02,P104,Carrefour de l'Estrie,NORMALE
163,DEBARQUEMENT,BUS-L3-02,P074,13e Avenue,NORMALE
164,EMBARQUEMENT,BUS-L3-01,P111,13e Avenue,NORMALE
165,EMBARQUEMENT,BUS-L6-02,P112,CHUS-Fleurimont,NORMALE
166,EMBARQUEMENT,BUS-L7-02,P113,Plateau St-Joseph,HAUTE
167,DEBARQUEMENT,BUS-L2-02,P011,King Ouest,NORMALE
168,EMBARQUEMENT,BUS-L7-02,P114,Plateau St-Joseph,NORMALE
169,EMBARQUEMENT,BUS-L11-01,P115,King Ouest,HAUTE
170,DEBARQUEMENT,BUS-L11-01,P115,Universite Bishop's,HAUTE
171,DEBARQUEMENT,BUS-L7-02,P065,Andre/Hallee,HAUTE
172,EMBARQUEMENT,BUS-L2-02,P116,Station du Cegep,NORMALE
173,DEBARQUEMENT,BUS-L2-01,P094,Universite de Sherbrooke,HAUTE
174,EMBARQUEMENT,BUS-L7-02,P117,CHUS-Fleurimont,HAUTE
175,EMBARQUEMENT,BUS-L6-02,P118,De Lisieux,NORMALE
176,DEBARQUEMENT,BUS-L7-01,P066,Plateau St-Joseph,NORMALE
177,DEBARQUEMENT,BUS-L2-02,P037,Universite de Sherbrooke,NORMALE
178,DEBARQUEMENT,BUS-L2-02,P116,Station du Cegep,NORMALE
179,EMBARQUEMENT,BUS-L4-02,P119,Galvin,NORMALE
180,EMBARQUEMENT,BUS-L11-01,P120,Plateau St-Joseph,NORMALE
181,EMBARQUEMENT,BUS-L1-01,P121,Universite de Sherbrooke,NORMALE
182,DEBARQUEMENT,BUS-L1-01,P099,Carrefour de l'Estrie,NORMALE
183,EMBARQUEMENT,BUS-L8-01,P122,Station du Cegep,NORMALE
184,DEBARQUEMENT,BUS-L7-01,P082,CHUS-Fleurimont,HAUTE
185,EMBARQUEMENT,BUS-L7-02,P123,Plateau St-Joseph,HAUTE
186,EMBARQUEMENT,BUS-L3-01,P124,Carrefour de l'Estrie,NORMALE
187,DEBARQUEMENT,BUS-L4-01,P084,King Ouest,NORMALE
188,DEBARQUEMENT,BUS-L2-01,P083,Universite Bishop's,NORMALE
189,EMBARQUEMENT,BUS-L1-02,P125,King Ouest,HAUTE
190,EMBARQUEMENT,BUS-L8-02,P126,Universite de Sherbrooke,NORMALE
191,DEBARQUEMENT,BUS-L3-01,P088,Carrefour de l'Estrie,HAUTE
192,EMBARQUEMENT,BUS-L3-01,P127,13e Avenue,HAUTE
193,DEBARQUEMENT,BUS-L1-02,P077,Universite de Sherbrooke,NORMALE
194,EMBARQUEMENT,BUS-L3-02,P128,Carrefour de l'Estrie,NORMALE
195,EMBARQUEMENT,BUS-L2-01,P129,King Ouest,NORMALE
196,DEBARQUEMENT,BUS-L8-01,P122,Universite de Sherbrooke,NORMALE
197,EMBARQUEMENT,BUS-L1-02,P130,Bowen Sud,HAUTE
198,DEBARQUEMENT,BUS-L2-01,P129,Station du Cegep,HAUTE
199,EMBARQUEMENT,BUS-L7-01,P131,Andre/Hallee,NORMALE
200,EMBARQUEMENT,BUS-L7-01,P132,Andre/Hallee,NORMALE
201,EMBARQUEMENT,BUS-L3-01,P133,Station du Cegep,HAUTE
202,EMBARQUEMENT,BUS-L6-02,P134,CHUS-Fleurimont,NORMALE
203,DEBARQUEMENT,BUS-L4-02,P101,King Ouest,NORMALE
204,DEBARQUEMENT,BUS-L8-01,P087,Station du Cegep,NORMALE
205,DEBARQUEMENT,BUS-L2-02,P080,Universite de Sherbrooke,NORMALE
206,EMBARQUEMENT,BUS-L7-01,P135,CHUS-Fleurimont,NORMALE
207,EMBARQUEMENT,BUS-L4-01,P136,Station du Cegep,NORMALE
208,DEBARQUEMENT,BUS-L6-01,P072,De Lisieux,HAUTE
209,EMBARQUEMENT,BUS-L8-01,P137,Universite de Sherbrooke,NORMALE
210,DEBARQUEMENT,BUS-L6-01,P045,De Lisieux,NORMALE
211,EMBARQUEMENT,BUS-L8-01,P138,Universite de Sherbrooke,HAUTE
212,DEBARQUEMENT,BUS-L6-02,P073,De Lisieux,NORMALE
213,EMBARQUEMENT,BUS-L7-01,P139,Andre/Hallee,NORMALE
214,EMBARQUEMENT,BUS-L11-01,P140,King Ouest,NORMALE
215,EMBARQUEMENT,BUS-L2-01,P141,Universite de Sherbrooke,NORMALE
216,DEBARQUEMENT,BUS-L7-01,P132,Plateau St-Joseph,NORMALE
217,DEBARQUEMENT,BUS-L3-01,P124,King Ouest,NORMALE
218,EMBARQUEMENT,BUS-L7-02,P142,Plateau St-Joseph,NORMALE
219,EMBARQUEMENT,BUS-L1-01,P143,King Ouest,NORMALE
220,EMBARQUEMENT,BUS-L7-02,P144,Plateau St-Joseph,NORMALE
221,EMBARQUEMENT,BUS-L3-02,P145,Carrefour de l'Estrie,HAUTE
222,EMBARQUEMENT,BUS-L4-02,P146,Carrefour de l'Estrie,NORMALE
223,DEBARQUEMENT,BUS-L11-01,P120,Plateau St-Joseph,NORMALE
224,EMBARQUEMENT,BUS-L7-02,P147,Andre/Hallee,NORMALE
225,DEBARQUEMENT,BUS-L6-02,P052,Universite de Sherbrooke,NORMALE
226,EMBARQUEMENT,BUS-L8-02,P148,Universite de Sherbrooke,NORMALE
227,EMBARQUEMENT,BUS-L6-01,P149,De Lisieux,HAUTE
228,EMBARQUEMENT,BUS-L1-01,P150,Bowen Sud,NORMALE
229,EMBARQUEMENT,BUS-L8-02,P151,CHUS-Fleurimont,HAUTE
230,EMBARQUEMENT,BUS-L8-01,P152,Universite de Sherbrooke,HAUTE
231,EMBARQUEMENT,BUS-L4-01,P153,Station du Cegep,NORMALE
232,DEBARQUEMENT,BUS-L6-01,P149,Universite de Sherbrooke,NORMALE
233,EMBARQUEMENT,BUS-L2-02,P154,Universite Bishop's,NORMALE
234,DEBARQUEMENT,BUS-L2-02,P154,Station du Cegep,NORMALE
235,EMBARQUEMENT,BUS-L6-02,P155,De Lisieux,NORMALE
236,EMBARQUEMENT,BUS-L2-01,P156,Universite de Sherbrooke,HAUTE
237,EMBARQUEMENT,BUS-L1-02,P157,Carrefour de l'Estrie,NORMALE
238,DEBARQUEMENT,BUS-L8-02,P126,CHUS-Fleurimont,HAUTE
239,EMBARQUEMENT,BUS-L6-01,P158,Universite de Sherbrooke,HAUTE
240,EMBARQUEMENT,BUS-L2-01,P159,King Ouest,HAUTE
241,EMBARQUEMENT,BUS-L11-01,P160,King Ouest,HAUTE
242,EMBARQUEMENT,BUS-L2-02,P161,Universite Bishop's,NORMALE
243,DEBARQUEMENT,BUS-L4-02,P119,Carrefour de l'Estrie,NORMALE
244,DEBARQUEMENT,BUS-L4-02,P146,Galvin,NORMALE
245,DEBARQUEMENT,BUS-L3-02,P106,Carrefour de l'Estrie,HAUTE
246,DEBARQUEMENT,BUS-L6-01,P089,Universite de Sherbrooke,NORMALE
247,EMBARQUEMENT,BUS-L11-02,P162,King Ouest,HAUTE
248,DEBARQUEMENT,BUS-L7-02,P117,CHUS-Fleurimont,NORMALE
249,EMBARQUEMENT,BUS-L2-02,P163,King Ouest,NORMALE
250,EMBARQUEMENT,BUS-L7-02,P164,Plateau St-Joseph,NORMALE
251,EMBARQUEMENT,BUS-L2-01,P165,Station du Cegep,HAUTE
252,EMBARQUEMENT,BUS-L1-01,P166,King Ouest,NORMALE
253,EMBARQUEMENT,BUS-L11-02,P167,Plateau St-Joseph,NORMALE
254,DEBARQUEMENT,BUS-L2-02,P068,Station du Cegep,NORMALE
255,EMBARQUEMENT,BUS-L1-02,P168,Carrefour de l'Estrie,HAUTE
256,EMBARQUEMENT,BUS-L1-01,P169,Carrefour de l'Estrie,NORMALE
257,DEBARQUEMENT,BUS-L6-01,P158,De Lisieux,NORMALE
258,EMBARQUEMENT,BUS-L6-02,P170,De Lisieux,NORMALE
259,EMBARQUEMENT,BUS-L6-01,P171,Universite de Sherbrooke,NORMALE
260,EMBARQUEMENT,BUS-L3-01,P172,Station du Cegep,NORMALE
261,EMBARQUEMENT,BUS-L8-01,P173,Station du Cegep,NORMALE
262,EMBARQUEMENT,BUS-L7-02,P174,Plateau St-Joseph,NORMALE
263,DEBARQUEMENT,BUS-L6-01,P171,De Lisieux,NORMALE
264,DEBARQUEMENT,BUS-L3-01,P172,Carrefour de l'Estrie,NORMALE
265,DEBARQUEMENT,BUS-L11-01,P160,Plateau St-Joseph,NORMALE
266,EMBARQUEMENT,BUS-L11-01,P175,Plateau St-Joseph,NORMALE
267,EMBARQUEMENT,BUS-L8-01,P176,Universite de Sherbrooke,HAUTE
268,EMBARQUEMENT,BUS-L1-01,P177,Bowen Sud,HAUTE
269,DEBARQUEMENT,BUS-L7-02,P144,CHUS-Fleurimont,NORMALE
270,DEBARQUEMENT,BUS-L1-02,P125,Carrefour de l'Estrie,HAUTE
271,DEBARQUEMENT,BUS-L11-02,P167,King Ouest,NORMALE
272,DEBARQUEMENT,BUS-L8-02,P103,Station du Cegep,NORMALE
273,EMBARQUEMENT,BUS-L2-02,P178,Universite Bishop's,HAUTE
274,DEBARQUEMENT,BUS-L3-02,P054,Station du Cegep,NORMALE
275,EMBARQUEMENT,BUS-L2-01,P179,Universite de Sherbrooke,NORMALE
276,DEBARQUEMENT,BUS-L11-01,P025,Plateau St-Joseph,NORMALE
277,EMBARQUEMENT,BUS-L11-01,P180,Universite Bishop's,HAUTE
278,DEBARQUEMENT,BUS-L8-01,P056,Universite de Sherbrooke,NORMALE
279,EMBARQUEMENT,BUS-L1-01,P181,Bowen Sud,NORMALE
280,EMBARQUEMENT,BUS-L8-01,P182,Station du Cegep,HAUTE
281,DEBARQUEMENT,BUS-L1-02,P110,King Ouest,HAUTE
282,EMBARQUEMENT,BUS-L8-02,P183,Station du Cegep,NORMALE
283,EMBARQUEMENT,BUS-L11-01,P184,Universite Bishop's,NORMALE
284,EMBARQUEMENT,BUS-L6-01,P185,Universite de Sherbrooke,NORMALE
285,EMBARQUEMENT,BUS-L7-01,P186,Andre/Hallee,HAUTE
286,EMBARQUEMENT,BUS-L8-02,P187,Universite de Sherbrooke,HAUTE
287,DEBARQUEMENT,BUS-L6-02,P112,CHUS-Fleurimont,NORMALE
288,EMBARQUEMENT,BUS-L3-02,P188,Station du Cegep,NORMALE
289,EMBARQUEMENT,BUS-L7-02,P189,CHUS-Fleurimont,HAUTE
290,DEBARQUEMENT,BUS-L6-02,P102,Universite de Sherbrooke,NORMALE
291,DEBARQUEMENT,BUS-L6-01,P185,De Lisieux,HAUTE
292,EMBARQUEMENT,BUS-L2-01,P190,Station du Cegep,HAUTE
293,EMBARQUEMENT,BUS-L2-01,P191,Universite de Sherbrooke,NORMALE
294,EMBARQUEMENT,BUS-L3-01,P192,Station du Cegep,NORMALE
295,EMBARQUEMENT,BUS-L4-01,P193,King Ouest,NORMALE
296,DEBARQUEMENT,BUS-L4-01,P017,Carrefour de l'Estrie,NORMALE
297,EMBARQUEMENT,BUS-L4-02,P194,Carrefour de l'Estrie,NORMALE
298,EMBARQUEMENT,BUS-L6-02,P195,Universite de Sherbrooke,HAUTE
299,EMBARQUEMENT,BUS-L8-02,P196,Universite de Sherbrooke,HAUTE
300,EMBARQUEMENT,BUS-L11-02,P197,Plateau St-Joseph,NORMALE
301,DEBARQUEMENT,BUS-L4-01,P136,Carrefour de l'Estrie,NORMALE
302,EMBARQUEMENT,BUS-L11-01,P198,Plateau St-Joseph,NORMALE
303,DEBARQUEMENT,BUS-L7-01,P186,Plateau St-Joseph,NORMALE
304,DEBARQUEMENT,BUS-L3-01,P111,13e Avenue,NORMALE
305,DEBARQUEMENT,BUS-L3-02,P096,Station du Cegep,NORMALE
306,DEBARQUEMENT,BUS-L7-01,P131,CHUS-Fleurimont,NORMALE
307,EMBARQUEMENT,BUS-L1-01,P199,Universite de Sherbrooke,NORMALE
308,EMBARQUEMENT,BUS-L11-02,P200,Universite Bishop's,NORMALE
309,DEBARQUEMENT,BUS-L3-02,P188,Carrefour de l'Estrie,HAUTE
310,DEBARQUEMENT,BUS-L2-02,P163,Station du Cegep,HAUTE
311,DEBARQUEMENT,BUS-L11-01,P140,King Ouest,HAUTE
312,EMBARQUEMENT,BUS-L11-02,P201,King Ouest,NORMALE
313,EMBARQUEMENT,BUS-L4-02,P202,Station du Cegep,NORMALE
314,EMBARQUEMENT,BUS-L11-02,P203,Universite Bishop's,NORMALE
315,DEBARQUEMENT,BUS-L6-02,P134,De Lisieux,NORMALE
316,DEBARQUEMENT,BUS-L4-02,P194,Carrefour de l'Estrie,NORMALE
317,EMBARQUEMENT,BUS-L3-01,P204,13e Avenue,NORMALE
318,EMBARQUEMENT,BUS-L7-01,P205,Plateau St-Joseph,HAUTE
319,DEBARQUEMENT,BUS-L4-01,P108,Station du Cegep,HAUTE
320,EMBARQUEMENT,BUS-L11-02,P206,Universite Bishop's,NORMALE
321,DEBARQUEMENT,BUS-L11-01,P184,King Ouest,HAUTE
322,DEBARQUEMENT,BUS-L8-02,P071,Universite de Sherbrooke,NORMALE
323,DEBARQUEMENT,BUS-L2-01,P179,Universite de Sherbrooke,NORMALE
324,EMBARQUEMENT,BUS-L1-01,P207,Universite de Sherbrooke,NORMALE
325,DEBARQUEMENT,BUS-L11-02,P044,King Ouest,NORMALE
326,DEBARQUEMENT,BUS-L8-01,P095,Universite de Sherbrooke,NORMALE
327,DEBARQUEMENT,BUS-L8-02,P148,Station du Cegep,HAUTE
328,EMBARQUEMENT,BUS-L4-02,P208,Station du Cegep,NORMALE
329,DEBARQUEMENT,BUS-L3-01,P127,King Ouest,NORMALE
330,DEBARQUEMENT,BUS-L1-01,P086,King Ouest,HAUTE
331,EMBARQUEMENT,BUS-L4-02,P209,Station du Cegep,HAUTE
332,DEBARQUEMENT,BUS-L1-02,P168,Bowen Sud,NORMALE
333,DEBARQUEMENT,BUS-L7-01,P135,Plateau St-Joseph,NORMALE
334,EMBARQUEMENT,BUS-L6-01,P210,Universite de Sherbrooke,NORMALE
335,EMBARQUEMENT,BUS-L8-01,P211,Station du Cegep,NORMALE
336,EMBARQUEMENT,BUS-L8-02,P212,CHUS-Fleurimont,NORMALE
337,EMBARQUEMENT,BUS-L2-02,P213,Universite de Sherbrooke,NORMALE
338,DEBARQUEMENT,BUS-L3-02,P145,Carrefour de l'Estrie,NORMALE
339,DEBARQUEMENT,BUS-L1-02,P130,Carrefour de l'Estrie,NORMALE
340,EMBARQUEMENT,BUS-L4-02,P214,Carrefour de l'Estrie,HAUTE
341,DEBARQUEMENT,BUS-L6-02,P155,CHUS-Fleurimont,NORMALE
342,EMBARQUEMENT,BUS-L6-01,P215,Universite de Sherbrooke,NORMALE
343,DEBARQUEMENT,BUS-L11-02,P200,Plateau St-Joseph,HAUTE
344,DEBARQUEMENT,BUS-L8-02,P187,Station du Cegep,HAUTE
345,EMBARQUEMENT,BUS-L3-02,P216,Carrefour de l'Estrie,NORMALE
346,EMBARQUEMENT,BUS-L3-01,P217,13e Avenue,NORMALE
347,DEBARQUEMENT,BUS-L6-01,P210,Universite de Sherbrooke,NORMALE
348,EMBARQUEMENT,BUS-L2-02,P218,Station du Cegep,NORMALE
349,EMBARQUEMENT,BUS-L7-02,P219,CHUS-Fleurimont,HAUTE
350,EMBARQUEMENT,BUS-L6-02,P220,De Lisieux,HAUTE
351,DEBARQUEMENT,BUS-L1-01,P199,Bowen Sud,NORMALE
352,EMBARQUEMENT,BUS-L11-01,P221,Plateau St-Joseph,HAUTE
353,DEBARQUEMENT,BUS-L3-01,P093,13e Avenue,NORMALE
354,EMBARQUEMENT,BUS-L8-01,P222,CHUS-Fleurimont,NORMALE
355,DEBARQUEMENT,BUS-L7-02,P107,CHUS-Fleurimont,NORMALE
356,EMBARQUEMENT,BUS-L2-01,P223,Universite de Sherbrooke,HAUTE
357,DEBARQUEMENT,BUS-L8-02,P019,Station du Cegep,NORMALE
358,EMBARQUEMENT,BUS-L11-02,P224,Universite Bishop's,HAUTE
359,EMBARQUEMENT,BUS-L4-01,P225,Carrefour de l'Estrie,NORMALE
360,EMBARQUEMENT,BUS-L2-01,P226,Universite de Sherbrooke,NORMALE
361,DEBARQUEMENT,BUS-L3-02,P128,Carrefour de l'Estrie,NORMALE
362,DEBARQUEMENT,BUS-L2-01,P159,Universite de Sherbrooke,NORMALE
363,DEBARQUEMENT,BUS-L3-02,P216,13e Avenue,NORMALE
364,EMBARQUEMENT,BUS-L6-01,P227,CHUS-Fleurimont,NORMALE
365,EMBARQUEMENT,BUS-L3-01,P228,13e Avenue,NORMALE
366,EMBARQUEMENT,BUS-L1-01,P229,Universite de Sherbrooke,NORMALE
367,EMBARQUEMENT,BUS-L7-02,P230,Andre/Hallee,HAUTE
368,EMBARQUEMENT,BUS-L2-02,P231,King Ouest,HAUTE
369,DEBARQUEMENT,BUS-L3-01,P133,Station du Cegep,HAUTE
370,EMBARQUEMENT,BUS-L6-02,P232,CHUS-Fleurimont,HAUTE
371,DEBARQUEMENT,BUS-L1-02,P109,King Ouest,NORMALE
372,EMBARQUEMENT,BUS-L8-01,P233,Universite de Sherbrooke,NORMALE
373,EMBARQUEMENT,BUS-L8-02,P234,Station du Cegep,HAUTE
374,DEBARQUEMENT,BUS-L2-01,P223,King Ouest,NORMALE
375,EMBARQUEMENT,BUS-L8-02,P235,CHUS-Fleurimont,HAUTE
376,DEBARQUEMENT,BUS-L7-01,P139,Andre/Hallee,NORMALE
377,EMBARQUEMENT,BUS-L2-02,P236,Universite Bishop's,NORMALE
378,EMBARQUEMENT,BUS-L1-02,P237,Bowen Sud,HAUTE
379,EMBARQUEMENT,BUS-L2-01,P238,Station du Cegep,NORMALE
380,DEBARQUEMENT,BUS-L2-01,P190,King Ouest,HAUTE
381,EMBARQUEMENT,BUS-L11-02,P239,Plateau St-Joseph,HAUTE
382,DEBARQUEMENT,BUS-L7-02,P092,Andre/Hallee,NORMALE
383,DEBARQUEMENT,BUS-L1-02,P157,Bowen Sud,NORMALE
384,EMBARQUEMENT,BUS-L3-01,P240,King Ouest,NORMALE
385,DEBARQUEMENT,BUS-L11-02,P201,Universite Bishop's,HAUTE
386,DEBARQUEMENT,BUS-L11-01,P055,King Ouest,NORMALE
387,DEBARQUEMENT,BUS-L2-01,P156,Universite de Sherbrooke,NORMALE
388,EMBARQUEMENT,BUS-L8-01,P241,Universite de Sherbrooke,NORMALE
389,DEBARQUEMENT,BUS-L11-01,P180,Universite Bishop's,NORMALE
390,EMBARQUEMENT,BUS-L7-02,P242,CHUS-Fleurimont,NORMALE
391,EMBARQUEMENT,BUS-L11-01,P243,King Ouest,NORMALE
392,EMBARQUEMENT,BUS-L1-02,P244,Bowen Sud,NORMALE
393,DEBARQUEMENT,BUS-L4-02,P214,Station du Cegep,HAUTE
394,DEBARQUEMENT,BUS-L6-02,P232,CHUS-Fleurimont,NORMALE
395,DEBARQUEMENT,BUS-L11-01,P198,Universite Bishop's,NORMALE
396,DEBARQUEMENT,BUS-L8-02,P183,CHUS-Fleurimont,NORMALE
397,DEBARQUEMENT,BUS-L8-01,P182,Universite de Sherbrooke,NORMALE
398,EMBARQUEMENT,BUS-L2-01,P245,Station du Cegep,NORMALE
399,EMBARQUEMENT,BUS-L2-01,P246,Universite de Sherbrooke,HAUTE
400,DEBARQUEMENT,BUS-L4-01,P079,King Ouest,NORMALE
401,EMBARQUEMENT,BUS-L3-01,P247,Carrefour de l'Estrie,NORMALE
402,DEBARQUEMENT,BUS-L4-01,P225,King Ouest,HAUTE
403,EMBARQUEMENT,BUS-L3-02,P248,King Ouest,NORMALE
404,DEBARQUEMENT,BUS-L6-02,P220,De Lisieux,NORMALE
405,DEBARQUEMENT,BUS-L6-02,P170,CHUS-Fleurimont,NORMALE
406,DEBARQUEMENT,BUS-L2-02,P231,King Ouest,HAUTE
407,EMBARQUEMENT,BUS-L6-01,P249,De Lisieux,NORMALE
408,EMBARQUEMENT,BUS-L1-01,P250,King Ouest,NORMALE
409,DEBARQUEMENT,BUS-L7-01,P205,Andre/Hallee,NORMALE
410,EMBARQUEMENT,BUS-L8-01,P251,CHUS-Fleurimont,HAUTE
411,EMBARQUEMENT,BUS-L4-02,P252,Galvin,NORMALE
412,EMBARQUEMENT,BUS-L7-01,P253,CHUS-Fleurimont,HAUTE
413,EMBARQUEMENT,BUS-L1-01,P254,King Ouest,NORMALE
414,DEBARQUEMENT,BUS-L7-01,P253,Andre/Hallee,NORMALE
415,EMBARQUEMENT,BUS-L7-01,P255,Plateau St-Joseph,NORMALE
416,DEBARQUEMENT,BUS-L3-01,P228,Carrefour de l'Estrie,HAUTE
417,DEBARQUEMENT,BUS-L11-02,P081,Plateau St-Joseph,NORMALE
418,EMBARQUEMENT,BUS-L7-01,P256,CHUS-Fleurimont,NORMALE
419,EMBARQUEMENT,BUS-L3-02,P257,Carrefour de l'Estrie,NORMALE
420,EMBARQUEMENT,BUS-L1-02,P258,Universite de Sherbrooke,NORMALE
421,DEBARQUEMENT,BUS-L7-02,P242,Andre/Hallee,HAUTE
422,EMBARQUEMENT,BUS-L6-01,P259,De Lisieux,NORMALE
423,EMBARQUEMENT,BUS-L3-02,P260,Carrefour de l'Estrie,NORMALE
424,EMBARQUEMENT,BUS-L3-01,P261,13e Avenue,HAUTE
425,EMBARQUEMENT,BUS-L8-01,P262,CHUS-Fleurimont,HAUTE
426,EMBARQUEMENT,BUS-L4-01,P263,Carrefour de l'Estrie,NORMALE
427,EMBARQUEMENT,BUS-L8-02,P264,CHUS-Fleurimont,HAUTE
428,EMBARQUEMENT,BUS-L2-02,P265,Universite Bishop's,NORMALE
429,EMBARQUEMENT,BUS-L7-02,P266,Plateau St-Joseph,NORMALE
430,EMBARQUEMENT,BUS-L3-01,P267,King Ouest,NORMALE
431,DEBARQUEMENT,BUS-L7-02,P078,CHUS-Fleurimont,HAUTE
432,EMBARQUEMENT,BUS-L2-02,P268,King Ouest,HAUTE
433,EMBARQUEMENT,BUS-L8-01,P269,Station du Cegep,NORMALE
434,EMBARQUEMENT,BUS-L1-01,P270,Carrefour de l'Estrie,NORMALE
435,DEBARQUEMENT,BUS-L2-01,P238,Station du Cegep,NORMALE
436,EMBARQUEMENT,BUS-L6-01,P271,CHUS-Fleurimont,HAUTE
437,EMBARQUEMENT,BUS-L11-02,P272,King Ouest,HAUTE
438,EMBARQUEMENT,BUS-L1-01,P273,Carrefour de l'Estrie,NORMALE
439,EMBARQUEMENT,BUS-L7-02,P274,CHUS-Fleurimont,NORMALE
440,EMBARQUEMENT,BUS-L11-02,P275,Plateau St-Joseph,HAUTE
441,EMBARQUEMENT,BUS-L1-02,P276,King Ouest,NORMALE
442,EMBARQUEMENT,BUS-L8-01,P277,CHUS-Fleurimont,HAUTE
443,EMBARQUEMENT,BUS-L3-01,P278,King Ouest,NORMALE
444,DEBARQUEMENT,BUS-L4-01,P153,King Ouest,NORMALE
445,EMBARQUEMENT,BUS-L7-02,P279,Andre/Hallee,NORMALE
446,DEBARQUEMENT,BUS-L1-02,P258,Universite de Sherbrooke,NORMALE
447,EMBARQUEMENT,BUS-L8-01,P280,CHUS-Fleurimont,HAUTE
448,EMBARQUEMENT,BUS-L1-02,P281,King Ouest,NORMALE
449,EMBARQUEMENT,BUS-L8-01,P282,Universite de Sherbrooke,NORMALE
450,DEBARQUEMENT,BUS-L1-02,P276,Universite de Sherbrooke,NORMALE
451,DEBARQUEMENT,BUS-L8-02,P235,Universite de Sherbrooke,NORMALE
452,EMBARQUEMENT,BUS-L11-02,P283,Plateau St-Joseph,NORMALE
453,DEBARQUEMENT,BUS-L7-01,P256,Plateau St-Joseph,HAUTE
454,DEBARQUEMENT,BUS-L8-02,P234,CHUS-Fleurimont,HAUTE
455,DEBARQUEMENT,BUS-L1-01,P207,Carrefour de l'Estrie,NORMALE
456,EMBARQUEMENT,BUS-L1-01,P284,King Ouest,NORMALE
457,EMBARQUEMENT,BUS-L6-02,P285,Universite de Sherbrooke,HAUTE
458,EMBARQUEMENT,BUS-L6-01,P286,Universite de Sherbrooke,HAUTE
459,EMBARQUEMENT,BUS-L1-02,P287,Bowen Sud,NORMALE
460,EMBARQUEMENT,BUS-L2-01,P288,King Ouest,NORMALE
461,EMBARQUEMENT,BUS-L7-02,P289,Plateau St-Joseph,NORMALE
462,DEBARQUEMENT,BUS-L11-02,P100,Universite Bishop's,HAUTE
463,EMBARQUEMENT,BUS-L7-01,P290,Andre/Hallee,NORMALE
464,EMBARQUEMENT,BUS-L1-01,P291,Universite de Sherbrooke,HAUTE
465,EMBARQUEMENT,BUS-L8-01,P292,Universite de Sherbrooke,NORMALE
466,EMBARQUEMENT,BUS-L6-02,P293,Universite de Sherbrooke,NORMALE
467,DEBARQUEMENT,BUS-L3-02,P257,Station du Cegep,HAUTE
468,EMBARQUEMENT,BUS-L11-01,P294,Universite Bishop's,NORMALE
469,DEBARQUEMENT,BUS-L1-01,P273,Carrefour de l'Estrie,HAUTE
470,EMBARQUEMENT,BUS-L3-01,P295,13e Avenue,NORMALE
471,EMBARQUEMENT,BUS-L8-01,P296,CHUS-Fleurimont,NORMALE
472,EMBARQUEMENT,BUS-L8-01,P297,Station du Cegep,NORMALE
473,DEBARQUEMENT,BUS-L4-01,P098,Station du Cegep,NORMALE
474,DEBARQUEMENT,BUS-L3-02,P260,Station du Cegep,HAUTE
475,EMBARQUEMENT,BUS-L11-02,P298,Plateau St-Joseph,NORMALE
476,EMBARQUEMENT,BUS-L11-02,P299,Plateau St-Joseph,NORMALE
477,DEBARQUEMENT,BUS-L1-01,P229,Bowen Sud,HAUTE
478,DEBARQUEMENT,BUS-L3-02,P248,Carrefour de l'Estrie,HAUTE
479,EMBARQUEMENT,BUS-L11-02,P300,Plateau St-Joseph,NORMALE
480,EMBARQUEMENT,BUS-L4-01,P301,Carrefour de l'Estrie,NORMALE
481,EMBARQUEMENT,BUS-L1-01,P302,Carrefour de l'Estrie,NORMALE
482,DEBARQUEMENT,BUS-L1-01,P284,Universite de Sherbrooke,NORMALE
483,EMBARQUEMENT,BUS-L4-02,P303,Galvin,NORMALE
484,EMBARQUEMENT,BUS-L3-01,P304,Station du Cegep,NORMALE
485,EMBARQUEMENT,BUS-L6-01,P305,CHUS-Fleurimont,NORMALE
486,EMBARQUEMENT,BUS-L6-01,P306,De Lisieux,HAUTE
487,EMBARQUEMENT,BUS-L2-02,P307,Station du Cegep,NORMALE
488,EMBARQUEMENT,BUS-L1-01,P308,King Ouest,NORMALE
489,EMBARQUEMENT,BUS-L3-01,P309,Carrefour de l'Estrie,HAUTE
490,DEBARQUEMENT,BUS-L4-01,P263,Carrefour de l'Estrie,HAUTE
491,DEBARQUEMENT,BUS-L4-01,P301,Galvin,NORMALE
492,EMBARQUEMENT,BUS-L1-01,P310,Carrefour de l'Estrie,NORMALE
493,EMBARQUEMENT,BUS-L3-01,P311,13e Avenue,NORMALE
494,EMBARQUEMENT,BUS-L7-01,P312,CHUS-Fleurimont,NORMALE
495,EMBARQUEMENT,BUS-L3-02,P313,13e Avenue,NORMALE
496,DEBARQUEMENT,BUS-L8-01,P173,Universite de Sherbrooke,NORMALE
497,DEBARQUEMENT,BUS-L3-01,P311,Carrefour de l'Estrie,NORMALE
498,EMBARQUEMENT,BUS-L8-01,P314,Universite de Sherbrooke,NORMALE
499,DEBARQUEMENT,BUS-L11-01,P221,King Ouest,NORMALE
500,EMBARQUEMENT,BUS-L1-01,P315,Universite de Sherbrooke,HAUTE
501,EMBARQUEMENT,BUS-L2-01,P316,Station du Cegep,NORMALE
502,DEBARQUEMENT,BUS-L1-02,P281,King Ouest,HAUTE
503,DEBARQUEMENT,BUS-L3-02,P313,King Ouest,NORMALE
504,EMBARQUEMENT,BUS-L4-01,P317,Carrefour de l'Estrie,NORMALE
505,EMBARQUEMENT,BUS-L7-02,P318,Plateau St-Joseph,NORMALE
506,EMBARQUEMENT,BUS-L8-01,P319,Universite de Sherbrooke,NORMALE
507,EMBARQUEMENT,BUS-L1-01,P320,Carrefour de l'Estrie,NORMALE
508,EMBARQUEMENT,BUS-L3-02,P321,Station du Cegep,HAUTE
509,DEBARQUEMENT,BUS-L3-01,P267,Station du Cegep,NORMALE
510,EMBARQUEMENT,BUS-L8-02,P322,Universite de Sherbrooke,NORMALE
511,EMBARQUEMENT,BUS-L2-01,P323,Universite de Sherbrooke,NORMALE
512,EMBARQUEMENT,BUS-L3-02,P324,Station du Cegep,NORMALE
513,DEBARQUEMENT,BUS-L4-02,P202,Galvin,NORMALE
514,DEBARQUEMENT,BUS-L4-02,P303,Carrefour de l'Estrie,NORMALE
515,DEBARQUEMENT,BUS-L6-02,P293,Universite de Sherbrooke,NORMALE
516,EMBARQUEMENT,BUS-L6-01,P325,Universite de Sherbrooke,NORMALE
517,DEBARQUEMENT,BUS-L8-01,P233,Station du Cegep,NORMALE
518,EMBARQUEMENT,BUS-L3-02,P326,13e Avenue,NORMALE
519,DEBARQUEMENT,BUS-L7-02,P114,CHUS-Fleurimont,HAUTE
520,EMBARQUEMENT,BUS-L4-01,P327,Galvin,NORMALE
521,EMBARQUEMENT,BUS-L7-02,P328,CHUS-Fleurimont,HAUTE
522,EMBARQUEMENT,BUS-L6-02,P329,Universite de Sherbrooke,HAUTE
523,EMBARQUEMENT,BUS-L6-02,P330,De Lisieux,NORMALE
524,EMBARQUEMENT,BUS-L1-02,P331,Carrefour de l'Estrie,NORMALE
525,DEBARQUEMENT,BUS-L4-01,P317,Carrefour de l'Estrie,NORMALE
526,DEBARQUEMENT,BUS-L4-02,P252,Station du Cegep,NORMALE
527,EMBARQUEMENT,BUS-L1-01,P332,Carrefour de l'Estrie,HAUTE
528,DEBARQUEMENT,BUS-L3-02,P326,Carrefour de l'Estrie,NORMALE
529,EMBARQUEMENT,BUS-L3-02,P333,Station du Cegep,HAUTE
530,EMBARQUEMENT,BUS-L1-02,P334,Universite de Sherbrooke,NORMALE
531,EMBARQUEMENT,BUS-L6-01,P335,Universite de Sherbrooke,HAUTE
532,DEBARQUEMENT,BUS-L2-02,P105,Universite Bishop's,NORMALE
533,DEBARQUEMENT,BUS-L11-02,P203,Plateau St-Joseph,NORMALE
534,EMBARQUEMENT,BUS-L3-02,P336,Carrefour de l'Estrie,NORMALE
535,DEBARQUEMENT,BUS-L3-02,P324,13e Avenue,HAUTE
536,EMBARQUEMENT,BUS-L4-01,P337,King Ouest,HAUTE
537,EMBARQUEMENT,BUS-L1-02,P338,Carrefour de l'Estrie,NORMALE
538,EMBARQUEMENT,BUS-L4-01,P339,Station du Cegep,NORMALE
539,EMBARQUEMENT,BUS-L7-01,P340,CHUS-Fleurimont,NORMALE
540,EMBARQUEMENT,BUS-L11-02,P341,Universite Bishop's,NORMALE
541,EMBARQUEMENT,BUS-L8-01,P342,Universite de Sherbrooke,NORMALE
542,EMBARQUEMENT,BUS-L6-01,P343,Universite de Sherbrooke,NORMALE
543,EMBARQUEMENT,BUS-L8-02,P344,Station du Cegep,NORMALE
544,EMBARQUEMENT,BUS-L8-02,P345,CHUS-Fleurimont,NORMALE
545,DEBARQUEMENT,BUS-L8-02,P345,Universite de Sherbrooke,NORMALE
546,DEBARQUEMENT,BUS-L6-01,P343,De Lisieux,HAUTE
547,EMBARQUEMENT,BUS-L6-01,P346,Universite de Sherbrooke,NORMALE
548,DEBARQUEMENT,BUS-L11-01,P243,Plateau St-Joseph,HAUTE
549,DEBARQUEMENT,BUS-L6-02,P118,Universite de Sherbrooke,NORMALE
550,DEBARQUEMENT,BUS-L4-02,P208,Galvin,NORMALE
551,DEBARQUEMENT,BUS-L6-01,P286,Universite de Sherbrooke,NORMALE
552,EMBARQUEMENT,BUS-L3-02,P347,King Ouest,NORMALE
553,EMBARQUEMENT,BUS-L8-01,P348,Station du Cegep,HAUTE
554,DEBARQUEMENT,BUS-L6-01,P249,Universite de Sherbrooke,NORMALE
555,EMBARQUEMENT,BUS-L2-02,P349,Universite de Sherbrooke,HAUTE
556,DEBARQUEMENT,BUS-L7-01,P340,Andre/Hallee,HAUTE
557,DEBARQUEMENT,BUS-L1-02,P331,Carrefour de l'Estrie,NORMALE
558,DEBARQUEMENT,BUS-L4-01,P339,Galvin,NORMALE
559,EMBARQUEMENT,BUS-L6-02,P350,De Lisieux,NORMALE
560,EMBARQUEMENT,BUS-L4-01,P351,Carrefour de l'Estrie,NORMALE
561,EMBARQUEMENT,BUS-L3-01,P352,Carrefour de l'Estrie,NORMALE
562,EMBARQUEMENT,BUS-L3-02,P353,Station du Cegep,NORMALE
563,EMBARQUEMENT,BUS-L6-01,P354,De Lisieux,HAUTE
564,DEBARQUEMENT,BUS-L11-01,P294,King Ouest,NORMALE
565,DEBARQUEMENT,BUS-L4-02,P209,Galvin,NORMALE
566,DEBARQUEMENT,BUS-L7-01,P290,Plateau St-Joseph,NORMALE
567,DEBARQUEMENT,BUS-L11-01,P175,Universite Bishop's,NORMALE
568,EMBARQUEMENT,BUS-L4-02,P355,King Ouest,NORMALE
569,EMBARQUEMENT,BUS-L7-02,P356,Plateau St-Joseph,NORMALE
570,DEBARQUEMENT,BUS-L2-02,P029,Station du Cegep,NORMALE
571,DEBARQUEMENT,BUS-L2-02,P161,Universite Bishop's,NORMALE
572,EMBARQUEMENT,BUS-L4-02,P357,King Ouest,HAUTE
573,EMBARQUEMENT,BUS-L8-02,P358,Universite de Sherbrooke,NORMALE
574,DEBARQUEMENT,BUS-L4-01,P337,Galvin,HAUTE
575,EMBARQUEMENT,BUS-L4-01,P359,King Ouest,NORMALE
576,DEBARQUEMENT,BUS-L7-02,P274,CHUS-Fleurimont,HAUTE
577,DEBARQUEMENT,BUS-L4-01,P327,Station du Cegep,NORMALE
578,EMBARQUEMENT,BUS-L6-01,P360,Universite de Sherbrooke,NORMALE
579,EMBARQUEMENT,BUS-L3-02,P361,Carrefour de l'Estrie,NORMALE
580,DEBARQUEMENT,BUS-L3-02,P347,Station du Cegep,HAUTE
581,DEBARQUEMENT,BUS-L6-02,P063,De Lisieux,NORMALE
582,EMBARQUEMENT,BUS-L11-01,P362,Universite Bishop's,NORMALE
583,DEBARQUEMENT,BUS-L11-01,P362,Plateau St-Joseph,NORMALE
584,EMBARQUEMENT,BUS-L4-02,P363,Galvin,NORMALE
585,EMBARQUEMENT,BUS-L8-01,P364,CHUS-Fleurimont,NORMALE
586,DEBARQUEMENT,BUS-L11-02,P162,Plateau St-Joseph,NORMALE
587,EMBARQUEMENT,BUS-L11-02,P365,Universite Bishop's,NORMALE
588,DEBARQUEMENT,BUS-L6-02,P330,Universite de Sherbrooke,NORMALE
589,DEBARQUEMENT,BUS-L7-02,P219,Andre/Hallee,NORMALE
590,EMBARQUEMENT,BUS-L11-01,P366,Plateau St-Joseph,NORMALE
591,DEBARQUEMENT,BUS-L2-01,P316,Station du Cegep,NORMALE
592,DEBARQUEMENT,BUS-L6-02,P285,Universite de Sherbrooke,HAUTE
593,DEBARQUEMENT,BUS-L4-02,P363,Carrefour de l'Estrie,NORMALE
594,DEBARQUEMENT,BUS-L6-02,P350,CHUS-Fleurimont,NORMALE
595,DEBARQUEMENT,BUS-L8-01,P314,Station du Cegep,NORMALE
596,EMBARQUEMENT,BUS-L8-02,P367,Universite de Sherbrooke,NORMALE
597,EMBARQUEMENT,BUS-L6-02,P368,Universite de Sherbrooke,NORMALE
598,DEBARQUEMENT,BUS-L2-02,P178,King Ouest,NORMALE
599,EMBARQUEMENT,BUS-L11-02,P369,King Ouest,NORMALE
600,DEBARQUEMENT,BUS-L3-01,P240,King Ouest,HAUTE
601,DEBARQUEMENT,BUS-L6-02,P329,De Lisieux,HAUTE
602,DEBARQUEMENT,BUS-L3-02,P361,Station du Cegep,NORMALE
603,EMBARQUEMENT,BUS-L3-01,P370,King Ouest,HAUTE
604,EMBARQUEMENT,BUS-L7-02,P371,CHUS-Fleurimont,NORMALE
605,EMBARQUEMENT,BUS-L1-01,P372,King Ouest,NORMALE
606,DEBARQUEMENT,BUS-L11-02,P298,Plateau St-Joseph,NORMALE
607,DEBARQUEMENT,BUS-L7-02,P062,Plateau St-Joseph,NORMALE
608,EMBARQUEMENT,BUS-L1-02,P373,King Ouest,NORMALE
609,EMBARQUEMENT,BUS-L11-01,P374,King Ouest,NORMALE
610,EMBARQUEMENT,BUS-L6-02,P375,Universite de Sherbrooke,HAUTE
611,DEBARQUEMENT,BUS-L4-02,P355,Carrefour de l'Estrie,HAUTE
612,DEBARQUEMENT,BUS-L6-02,P195,De Lisieux,HAUTE
613,DEBARQUEMENT,BUS-L11-02,P197,Plateau St-Joseph,NORMALE
614,EMBARQUEMENT,BUS-L3-02,P376,King Ouest,NORMALE
615,EMBARQUEMENT,BUS-L11-01,P377,Plateau St-Joseph,NORMALE
616,DEBARQUEMENT,BUS-L7-01,P255,Andre/Hallee,HAUTE
617,EMBARQUEMENT,BUS-L4-02,P378,Station du Cegep,HAUTE
618,DEBARQUEMENT,BUS-L1-01,P150,Carrefour de l'Estrie,HAUTE
619,EMBARQUEMENT,BUS-L8-01,P379,Station du Cegep,NORMALE
620,DEBARQUEMENT,BUS-L11-01,P366,King Ouest,NORMALE
621,EMBARQUEMENT,BUS-L8-02,P380,Station du Cegep,HAUTE
622,EMBARQUEMENT,BUS-L4-01,P381,Carrefour de l'Estrie,NORMALE
623,EMBARQUEMENT,BUS-L7-01,P382,CHUS-Fleurimont,NORMALE
624,DEBARQUEMENT,BUS-L11-01,P377,Universite Bishop's,NORMALE
625,EMBARQUEMENT,BUS-L8-02,P383,Universite de Sherbrooke,NORMALE
626,DEBARQUEMENT,BUS-L8-01,P342,CHUS-Fleurimont,HAUTE
627,DEBARQUEMENT,BUS-L6-02,P375,Universite de Sherbrooke,NORMALE
628,EMBARQUEMENT,BUS-L7-01,P384,Plateau St-Joseph,HAUTE
629,DEBARQUEMENT,BUS-L8-02,P344,Station du Cegep,NORMALE
630,EMBARQUEMENT,BUS-L7-02,P385,CHUS-Fleurimont,HAUTE
631,DEBARQUEMENT,BUS-L8-01,P241,Universite de Sherbrooke,NORMALE
632,EMBARQUEMENT,BUS-L3-02,P386,Station du Cegep,NORMALE
633,EMBARQUEMENT,BUS-L4-02,P387,Station du Cegep,HAUTE
634,EMBARQUEMENT,BUS-L4-02,P388,Carrefour de l'Estrie,NORMALE
635,DEBARQUEMENT,BUS-L7-01,P312,CHUS-Fleurimont,HAUTE
636,EMBARQUEMENT,BUS-L6-02,P389,CHUS-Fleurimont,NORMALE
637,EMBARQUEMENT,BUS-L7-02,P390,Andre/Hallee,HAUTE
638,DEBARQUEMENT,BUS-L11-02,P341,Universite Bishop's,HAUTE
639,DEBARQUEMENT,BUS-L11-01,P374,King Ouest,NORMALE
640,EMBARQUEMENT,BUS-L4-02,P391,Carrefour de l'Estrie,HAUTE
641,EMBARQUEMENT,BUS-L6-02,P392,De Lisieux,NORMALE
642,DEBARQUEMENT,BUS-L3-01,P352,Station du Cegep,NORMALE
643,EMBARQUEMENT,BUS-L8-01,P393,Universite de Sherbrooke,HAUTE
644,EMBARQUEMENT,BUS-L7-01,P394,Plateau St-Joseph,NORMALE
645,EMBARQUEMENT,BUS-L1-02,P395,Carrefour de l'Estrie,NORMALE
646,EMBARQUEMENT,BUS-L8-02,P396,Universite de Sherbrooke,NORMALE
647,DEBARQUEMENT,BUS-L3-02,P386,Station du Cegep,NORMALE
648,DEBARQUEMENT,BUS-L2-02,P265,Station du Cegep,NORMALE
649,EMBARQUEMENT,BUS-L4-02,P397,Galvin,NORMALE
650,DEBARQUEMENT,BUS-L11-02,P365,Plateau St-Joseph,NORMALE
651,EMBARQUEMENT,BUS-L1-02,P398,Carrefour de l'Estrie,HAUTE
652,DEBARQUEMENT,BUS-L4-01,P381,Carrefour de l'Estrie,NORMALE
653,EMBARQUEMENT,BUS-L2-02,P399,Universite Bishop's,NORMALE
654,EMBARQUEMENT,BUS-L8-01,P400,Universite de Sherbrooke,NORMALE
655,DEBARQUEMENT,BUS-L2-01,P245,Universite Bishop's,NORMALE
656,DEBARQUEMENT,BUS-L4-02,P388,Carrefour de l'Estrie,NORMALE
657,EMBARQUEMENT,BUS-L2-02,P401,Universite de Sherbrooke,NORMALE
658,DEBARQUEMENT,BUS-L2-01,P323,Station du Cegep,HAUTE
659,DEBARQUEMENT,BUS-L6-02,P392,De Lisieux,NORMALE
660,EMBARQUEMENT,BUS-L8-01,P402,Station du Cegep,HAUTE
661,DEBARQUEMENT,BUS-L8-02,P383,Universite de Sherbrooke,HAUTE
662,DEBARQUEMENT,BUS-L7-02,P356,Plateau St-Joseph,NORMALE
663,DEBARQUEMENT,BUS-L6-01,P306,CHUS-Fleurimont,NORMALE
664,DEBARQUEMENT,BUS-L2-01,P246,Universite Bishop's,NORMALE
665,EMBARQUEMENT,BUS-L11-02,P403,King Ouest,HAUTE
666,DEBARQUEMENT,BUS-L7-01,P382,Andre/Hallee,HAUTE
667,DEBARQUEMENT,BUS-L7-02,P289,Andre/Hallee,NORMALE
668,EMBARQUEMENT,BUS-L11-01,P404,King Ouest,NORMALE
669,EMBARQUEMENT,BUS-L6-02,P405,Universite de Sherbrooke,NORMALE
670,EMBARQUEMENT,BUS-L2-02,P406,King Ouest,NORMALE
671,DEBARQUEMENT,BUS-L1-02,P398,Carrefour de l'Estrie,HAUTE
672,EMBARQUEMENT,BUS-L6-02,P407,De Lisieux,NORMALE
673,DEBARQUEMENT,BUS-L6-01,P259,Universite de Sherbrooke,NORMALE
674,DEBARQUEMENT,BUS-L3-01,P295,13e Avenue,NORMALE
675,EMBARQUEMENT,BUS-L3-01,P408,Station du Cegep,NORMALE
676,EMBARQUEMENT,BUS-L11-01,P409,Universite Bishop's,HAUTE
677,EMBARQUEMENT,BUS-L1-01,P410,Bowen Sud,HAUTE
678,EMBARQUEMENT,BUS-L3-01,P411,Station du Cegep,NORMALE
679,DEBARQUEMENT,BUS-L8-02,P196,Station du Cegep,NORMALE
680,DEBARQUEMENT,BUS-L1-01,P308,King Ouest,NORMALE
681,DEBARQUEMENT,BUS-L1-01,P121,King Ouest,NORMALE
682,DEBARQUEMENT,BUS-L7-01,P394,CHUS-Fleurimont,NORMALE
683,DEBARQUEMENT,BUS-L4-02,P357,King Ouest,NORMALE
684,EMBARQUEMENT,BUS-L8-01,P412,Universite de Sherbrooke,NORMALE
685,DEBARQUEMENT,BUS-L4-02,P391,King Ouest,NORMALE
686,EMBARQUEMENT,BUS-L7-02,P413,Plateau St-Joseph,NORMALE
687,EMBARQUEMENT,BUS-L7-01,P414,Andre/Hallee,NORMALE
688,DEBARQUEMENT,BUS-L11-02,P299,King Ouest,NORMALE
689,DEBARQUEMENT,BUS-L3-01,P309,13e Avenue,NORMALE
690,EMBARQUEMENT,BUS-L11-01,P415,Plateau St-Joseph,NORMALE
691,DEBARQUEMENT,BUS-L6-02,P407,Universite de Sherbrooke,NORMALE
692,DEBARQUEMENT,BUS-L6-02,P405,Universite de Sherbrooke,HAUTE
693,DEBARQUEMENT,BUS-L8-02,P264,Station du Cegep,HAUTE
694,DEBARQUEMENT,BUS-L3-02,P321,13e Avenue,NORMALE
695,EMBARQUEMENT,BUS-L7-01,P416,Plateau St-Joseph,NORMALE
696,EMBARQUEMENT,BUS-L3-01,P417,King Ouest,NORMALE
697,DEBARQUEMENT,BUS-L3-01,P278,Station du Cegep,NORMALE
698,EMBARQUEMENT,BUS-L4-02,P418,Carrefour de l'Estrie,HAUTE
699,DEBARQUEMENT,BUS-L3-01,P247,Station du Cegep,HAUTE
700,EMBARQUEMENT,BUS-L1-01,P419,Carrefour de l'Estrie,NORMALE
701,EMBARQUEMENT,BUS-L3-02,P420,King Ouest,HAUTE
702,EMBARQUEMENT,BUS-L4-02,P421,Galvin,NORMALE
703,EMBARQUEMENT,BUS-L6-02,P422,CHUS-Fleurimont,HAUTE
704,EMBARQUEMENT,BUS-L3-01,P423,Carrefour de l'Estrie,HAUTE
705,DEBARQUEMENT,BUS-L1-01,P250,Bowen Sud,NORMALE
706,EMBARQUEMENT,BUS-L1-01,P424,Carrefour de l'Estrie,NORMALE
707,EMBARQUEMENT,BUS-L11-02,P425,King Ouest,HAUTE
708,DEBARQUEMENT,BUS-L1-02,P244,Bowen Sud,NORMALE
709,DEBARQUEMENT,BUS-L8-01,P296,Station du Cegep,NORMALE
710,EMBARQUEMENT,BUS-L8-02,P426,Universite de Sherbrooke,NORMALE
711,DEBARQUEMENT,BUS-L3-01,P408,Station du Cegep,HAUTE
712,DEBARQUEMENT,BUS-L4-01,P351,Station du Cegep,NORMALE
713,DEBARQUEMENT,BUS-L4-01,P359,Carrefour de l'Estrie,NORMALE
714,EMBARQUEMENT,BUS-L3-02,P427,Station du Cegep,NORMALE
715,EMBARQUEMENT,BUS-L4-01,P428,Carrefour de l'Estrie,NORMALE
716,DEBARQUEMENT,BUS-L6-02,P422,Universite de Sherbrooke,NORMALE
717,EMBARQUEMENT,BUS-L11-02,P429,Universite Bishop's,HAUTE
718,DEBARQUEMENT,BUS-L1-02,P373,Bowen Sud,NORMALE
719,DEBARQUEMENT,BUS-L4-01,P428,Carrefour de l'Estrie,NORMALE
720,DEBARQUEMENT,BUS-L4-01,P193,Carrefour de l'Estrie,NORMALE
721,DEBARQUEMENT,BUS-L7-02,P147,Andre/Hallee,NORMALE
722,DEBARQUEMENT,BUS-L7-02,P318,CHUS-Fleurimont,NORMALE
723,EMBARQUEMENT,BUS-L8-02,P430,CHUS-Fleurimont,HAUTE
724,DEBARQUEMENT,BUS-L2-01,P288,Universite de Sherbrooke,NORMALE
725,EMBARQUEMENT,BUS-L8-01,P431,CHUS-Fleurimont,NORMALE
726,EMBARQUEMENT,BUS-L2-01,P432,Universite Bishop's,NORMALE
727,EMBARQUEMENT,BUS-L2-02,P433,Station du Cegep,NORMALE
728,DEBARQUEMENT,BUS-L1-01,P332,Bowen Sud,NORMALE
729,DEBARQUEMENT,BUS-L6-02,P389,CHUS-Fleurimont,NORMALE
730,EMBARQUEMENT,BUS-L6-01,P434,CHUS-Fleurimont,NORMALE
731,DEBARQUEMENT,BUS-L7-02,P266,Andre/Hallee,NORMALE
732,DEBARQUEMENT,BUS-L6-02,P368,Universite de Sherbrooke,HAUTE
733,EMBARQUEMENT,BUS-L2-01,P435,Universite de Sherbrooke,HAUTE
734,DEBARQUEMENT,BUS-L7-02,P142,CHUS-Fleurimont,NORMALE
735,EMBARQUEMENT,BUS-L7-01,P436,CHUS-Fleurimont,NORMALE
736,DEBARQUEMENT,BUS-L1-02,P334,Universite de Sherbrooke,NORMALE
737,EMBARQUEMENT,BUS-L1-02,P437,Carrefour de l'Estrie,HAUTE
738,EMBARQUEMENT,BUS-L4-01,P438,Galvin,HAUTE
739,DEBARQUEMENT,BUS-L3-01,P261,King Ouest,NORMALE
740,EMBARQUEMENT,BUS-L8-01,P439,CHUS-Fleurimont,NORMALE
741,DEBARQUEMENT,BUS-L2-02,P433,King Ouest,NORMALE
742,DEBARQUEMENT,BUS-L11-01,P415,Universite Bishop's,NORMALE
743,EMBARQUEMENT,BUS-L8-02,P440,Station du Cegep,HAUTE
744,EMBARQUEMENT,BUS-L8-02,P441,CHUS-Fleurimont,HAUTE
745,DEBARQUEMENT,BUS-L11-02,P403,Universite Bishop's,NORMALE
746,EMBARQUEMENT,BUS-L3-02,P442,Carrefour de l'Estrie,NORMALE
747,EMBARQUEMENT,BUS-L3-02,P443,13e Avenue,NORMALE
748,EMBARQUEMENT,BUS-L3-01,P444,King Ouest,NORMALE
749,DEBARQUEMENT,BUS-L1-02,P287,King Ouest,HAUTE
750,EMBARQUEMENT,BUS-L8-01,P445,Universite de Sherbrooke,NORMALE
751,EMBARQUEMENT,BUS-L11-01,P446,Plateau St-Joseph,NORMALE
752,EMBARQUEMENT,BUS-L11-01,P447,Universite Bishop's,NORMALE
753,DEBARQUEMENT,BUS-L3-02,P376,King Ouest,NORMALE
754,EMBARQUEMENT,BUS-L3-01,P448,King Ouest,NORMALE
755,EMBARQUEMENT,BUS-L3-01,P449,Carrefour de l'Estrie,NORMALE
756,EMBARQUEMENT,BUS-L6-02,P450,Universite de Sherbrooke,NORMALE
757,EMBARQUEMENT,BUS-L6-02,P451,CHUS-Fleurimont,NORMALE
758,EMBARQUEMENT,BUS-L1-02,P452,Carrefour de l'Estrie,HAUTE
759,EMBARQUEMENT,BUS-L2-01,P453,Station du Cegep,NORMALE
760,DEBARQUEMENT,BUS-L11-01,P446,King Ouest,NORMALE
761,EMBARQUEMENT,BUS-L2-01,P454,Universite de Sherbrooke,NORMALE
762,DEBARQUEMENT,BUS-L1-01,P169,Carrefour de l'Estrie,NORMALE
763,DEBARQUEMENT,BUS-L8-01,P137,Universite de Sherbrooke,NORMALE
764,DEBARQUEMENT,BUS-L3-02,P442,13e Avenue,NORMALE
765,DEBARQUEMENT,BUS-L6-02,P450,CHUS-Fleurimont,NORMALE
766,EMBARQUEMENT,BUS-L6-02,P455,De Lisieux,NORMALE
767,EMBARQUEMENT,BUS-L8-01,P456,Station du Cegep,NORMALE
768,EMBARQUEMENT,BUS-L4-01,P457,King Ouest,NORMALE
769,DEBARQUEMENT,BUS-L8-01,P176,Universite de Sherbrooke,HAUTE
770,EMBARQUEMENT,BUS-L4-02,P458,Galvin,NORMALE
771,DEBARQUEMENT,BUS-L3-02,P427,Carrefour de l'Estrie,NORMALE
772,EMBARQUEMENT,BUS-L6-01,P459,CHUS-Fleurimont,NORMALE
773,EMBARQUEMENT,BUS-L1-02,P460,Universite de Sherbrooke,HAUTE
774,EMBARQUEMENT,BUS-L7-01,P461,Plateau St-Joseph,NORMALE
775,DEBARQUEMENT,BUS-L6-02,P455,De Lisieux,HAUTE
776,DEBARQUEMENT,BUS-L6-02,P451,Universite de Sherbrooke,HAUTE
777,DEBARQUEMENT,BUS-L3-01,P449,King Ouest,NORMALE
778,EMBARQUEMENT,BUS-L2-01,P462,Universite de Sherbrooke,NORMALE
779,DEBARQUEMENT,BUS-L2-02,P349,Universite Bishop's,HAUTE
780,EMBARQUEMENT,BUS-L3-02,P463,King Ouest,NORMALE
781,EMBARQUEMENT,BUS-L11-01,P464,King Ouest,NORMALE
782,DEBARQUEMENT,BUS-L6-01,P215,CHUS-Fleurimont,HAUTE
783,DEBARQUEMENT,BUS-L1-02,P452,Carrefour de l'Estrie,NORMALE
784,EMBARQUEMENT,BUS-L8-02,P465,CHUS-Fleurimont,NORMALE
785,EMBARQUEMENT,BUS-L6-02,P466,Universite de Sherbrooke,NORMALE
786,EMBARQUEMENT,BUS-L4-01,P467,Station du Cegep,NORMALE
787,EMBARQUEMENT,BUS-L8-02,P468,Universite de Sherbrooke,NORMALE
788,EMBARQUEMENT,BUS-L11-01,P469,Universite Bishop's,NORMALE
789,DEBARQUEMENT,BUS-L3-01,P217,King Ouest,NORMALE
790,DEBARQUEMENT,BUS-L6-02,P466,De Lisieux,NORMALE
791,DEBARQUEMENT,BUS-L8-02,P358,CHUS-Fleurimont,NORMALE
792,EMBARQUEMENT,BUS-L6-02,P470,CHUS-Fleurimont,NORMALE
793,EMBARQUEMENT,BUS-L11-02,P471,Universite Bishop's,HAUTE
794,DEBARQUEMENT,BUS-L7-01,P414,CHUS-Fleurimont,NORMALE
795,EMBARQUEMENT,BUS-L6-01,P472,Universite de Sherbrooke,HAUTE
796,DEBARQUEMENT,BUS-L8-02,P468,Universite de Sherbrooke,NORMALE
797,DEBARQUEMENT,BUS-L2-01,P453,King Ouest,NORMALE
798,EMBARQUEMENT,BUS-L2-01,P473,Universite Bishop's,NORMALE
799,DEBARQUEMENT,BUS-L8-02,P441,Station du Cegep,HAUTE
800,EMBARQUEMENT,BUS-L8-01,P474,Universite de Sherbrooke,HAUTE
801,DEBARQUEMENT,BUS-L2-02,P401,Universite Bishop's,HAUTE
802,DEBARQUEMENT,BUS-L3-02,P336,13e Avenue,NORMALE
803,DEBARQUEMENT,BUS-L11-01,P469,Universite Bishop's,HAUTE
804,EMBARQUEMENT,BUS-L1-02,P475,King Ouest,HAUTE
805,EMBARQUEMENT,BUS-L2-02,P476,Universite de Sherbrooke,NORMALE
806,DEBARQUEMENT,BUS-L4-02,P397,Station du Cegep,HAUTE
807,DEBARQUEMENT,BUS-L11-01,P447,Plateau St-Joseph,HAUTE
808,EMBARQUEMENT,BUS-L3-01,P477,13e Avenue,NORMALE
809,EMBARQUEMENT,BUS-L7-01,P478,Plateau St-Joseph,NORMALE
810,EMBARQUEMENT,BUS-L7-02,P479,Plateau St-Joseph,HAUTE
811,DEBARQUEMENT,BUS-L11-02,P429,Plateau St-Joseph,NORMALE
812,EMBARQUEMENT,BUS-L6-02,P480,De Lisieux,NORMALE
813,EMBARQUEMENT,BUS-L2-01,P481,Universite Bishop's,HAUTE
814,DEBARQUEMENT,BUS-L1-02,P338,King Ouest,NORMALE
815,EMBARQUEMENT,BUS-L4-02,P482,King Ouest,NORMALE
816,EMBARQUEMENT,BUS-L7-02,P483,Plateau St-Joseph,NORMALE
817,EMBARQUEMENT,BUS-L8-01,P484,Station du Cegep,HAUTE
818,DEBARQUEMENT,BUS-L3-02,P333,Station du Cegep,HAUTE
819,EMBARQUEMENT,BUS-L1-01,P485,King Ouest,NORMALE
820,DEBARQUEMENT,BUS-L3-01,P204,Station du Cegep,HAUTE
821,DEBARQUEMENT,BUS-L3-01,P192,King Ouest,NORMALE
822,DEBARQUEMENT,BUS-L3-02,P420,13e Avenue,NORMALE
823,DEBARQUEMENT,BUS-L7-02,P279,Plateau St-Joseph,HAUTE
824,EMBARQUEMENT,BUS-L1-02,P486,Universite de Sherbrooke,NORMALE
825,EMBARQUEMENT,BUS-L7-01,P487,Plateau St-Joseph,HAUTE
826,DEBARQUEMENT,BUS-L1-02,P475,Bowen Sud,NORMALE
827,EMBARQUEMENT,BUS-L11-02,P488,King Ouest,NORMALE
828,EMBARQUEMENT,BUS-L2-02,P489,Station du Cegep,NORMALE
829,EMBARQUEMENT,BUS-L4-01,P490,Station du Cegep,NORMALE
830,EMBARQUEMENT,BUS-L3-02,P491,Station du Cegep,NORMALE
831,EMBARQUEMENT,BUS-L6-01,P492,De Lisieux,HAUTE
832,EMBARQUEMENT,BUS-L8-01,P493,Universite de Sherbrooke,NORMALE
833,DEBARQUEMENT,BUS-L2-01,P141,Station du Cegep,HAUTE
834,EMBARQUEMENT,BUS-L1-01,P494,Carrefour de l'Estrie,NORMALE
835,DEBARQUEMENT,BUS-L8-01,P379,Universite de Sherbrooke,NORMALE
836,DEBARQUEMENT,BUS-L2-02,P213,Universite de Sherbrooke,HAUTE
837,EMBARQUEMENT,BUS-L4-01,P495,Carrefour de l'Estrie,NORMALE
838,DEBARQUEMENT,BUS-L1-01,P075,Carrefour de l'Estrie,HAUTE
839,EMBARQUEMENT,BUS-L6-02,P496,CHUS-Fleurimont,NORMALE
840,EMBARQUEMENT,BUS-L4-02,P497,Station du Cegep,HAUTE
841,DEBARQUEMENT,BUS-L2-02,P307,King Ouest,NORMALE
842,EMBARQUEMENT,BUS-L1-01,P498,Bowen Sud,NORMALE
843,DEBARQUEMENT,BUS-L7-02,P328,CHUS-Fleurimont,HAUTE
844,EMBARQUEMENT,BUS-L2-02,P499,Universite Bishop's,HAUTE
845,DEBARQUEMENT,BUS-L6-02,P470,De Lisieux,NORMALE
846,EMBARQUEMENT,BUS-L6-02,P500,De Lisieux,HAUTE
847,DEBARQUEMENT,BUS-L2-01,P454,Universite de Sherbrooke,HAUTE
848,EMBARQUEMENT,BUS-L6-02,P501,CHUS-Fleurimont,NORMALE
849,EMBARQUEMENT,BUS-L2-01,P502,Universite de Sherbrooke,NORMALE
850,DEBARQUEMENT,BUS-L4-02,P497,Station du Cegep,NORMALE
851,EMBARQUEMENT,BUS-L2-01,P503,Universite de Sherbrooke,NORMALE
852,EMBARQUEMENT,BUS-L6-02,P504,CHUS-Fleurimont,HAUTE
853,EMBARQUEMENT,BUS-L7-01,P505,CHUS-Fleurimont,NORMALE
854,DEBARQUEMENT,BUS-L7-02,P189,CHUS-Fleurimont,NORMALE
855,DEBARQUEMENT,BUS-L8-01,P297,CHUS-Fleurimont,NORMALE
856,EMBARQUEMENT,BUS-L7-01,P506,Plateau St-Joseph,NORMALE
857,EMBARQUEMENT,BUS-L7-02,P507,CHUS-Fleurimont,NORMALE
858,DEBARQUEMENT,BUS-L4-02,P482,Station du Cegep,HAUTE
859,EMBARQUEMENT,BUS-L6-02,P508,Universite de Sherbrooke,NORMALE
860,DEBARQUEMENT,BUS-L4-02,P378,Station du Cegep,NORMALE
861,EMBARQUEMENT,BUS-L1-02,P509,King Ouest,NORMALE
862,EMBARQUEMENT,BUS-L8-02,P510,CHUS-Fleurimont,NORMALE
863,DEBARQUEMENT,BUS-L1-02,P437,King Ouest,NORMALE
864,EMBARQUEMENT,BUS-L3-01,P511,Carrefour de l'Estrie,NORMALE
865,EMBARQUEMENT,BUS-L2-02,P512,Station du Cegep,NORMALE
866,EMBARQUEMENT,BUS-L7-02,P513,Andre/Hallee,NORMALE
867,DEBARQUEMENT,BUS-L2-01,P226,Universite de Sherbrooke,HAUTE
868,EMBARQUEMENT,BUS-L7-01,P514,Andre/Hallee,NORMALE
869,EMBARQUEMENT,BUS-L8-02,P515,Station du Cegep,NORMALE
870,EMBARQUEMENT,BUS-L6-02,P516,CHUS-Fleurimont,NORMALE
871,DEBARQUEMENT,BUS-L11-02,P488,Plateau St-Joseph,HAUTE
872,EMBARQUEMENT,BUS-L2-01,P517,King Ouest,HAUTE
873,DEBARQUEMENT,BUS-L4-01,P490,Carrefour de l'Estrie,NORMALE
874,DEBARQUEMENT,BUS-L11-02,P283,King Ouest,HAUTE
875,EMBARQUEMENT,BUS-L8-01,P518,Universite de Sherbrooke,NORMALE
876,DEBARQUEMENT,BUS-L4-01,P467,Carrefour de l'Estrie,NORMALE
877,DEBARQUEMENT,BUS-L11-01,P409,King Ouest,HAUTE
878,DEBARQUEMENT,BUS-L7-01,P514,Plateau St-Joseph,NORMALE
879,DEBARQUEMENT,BUS-L11-02,P275,King Ouest,HAUTE
880,DEBARQUEMENT,BUS-L3-01,P423,Carrefour de l'Estrie,NORMALE
881,EMBARQUEMENT,BUS-L6-01,P519,De Lisieux,NORMALE
882,EMBARQUEMENT,BUS-L11-02,P520,Universite Bishop's,NORMALE
883,DEBARQUEMENT,BUS-L7-01,P487,Andre/Hallee,NORMALE
884,EMBARQUEMENT,BUS-L2-01,P521,Universite Bishop's,NORMALE
885,EMBARQUEMENT,BUS-L11-02,P522,King Ouest,NORMALE
886,EMBARQUEMENT,BUS-L8-01,P523,Universite de Sherbrooke,NORMALE
887,EMBARQUEMENT,BUS-L6-02,P524,CHUS-Fleurimont,HAUTE
888,EMBARQUEMENT,BUS-L3-01,P525,13e Avenue,NORMALE
889,EMBARQUEMENT,BUS-L11-02,P526,Plateau St-Joseph,NORMALE
890,EMBARQUEMENT,BUS-L3-01,P527,Station du Cegep,NORMALE
891,DEBARQUEMENT,BUS-L8-02,P367,Station du Cegep,HAUTE
892,EMBARQUEMENT,BUS-L8-01,P528,Station du Cegep,NORMALE
893,DEBARQUEMENT,BUS-L6-02,P516,De Lisieux,NORMALE
894,EMBARQUEMENT,BUS-L11-02,P529,Plateau St-Joseph,NORMALE
895,EMBARQUEMENT,BUS-L7-01,P530,Plateau St-Joseph,NORMALE
896,DEBARQUEMENT,BUS-L3-02,P353,13e Avenue,NORMALE
897,EMBARQUEMENT,BUS-L3-02,P531,King Ouest,NORMALE
898,EMBARQUEMENT,BUS-L6-01,P532,De Lisieux,NORMALE
899,DEBARQUEMENT,BUS-L8-01,P456,Station du Cegep,NORMALE
900,DEBARQUEMENT,BUS-L1-01,P032,Bowen Sud,NORMALE
901,EMBARQUEMENT,BUS-L11-02,P533,Plateau St-Joseph,NORMALE
902,EMBARQUEMENT,BUS-L8-02,P534,Station du Cegep,NORMALE
903,DEBARQUEMENT,BUS-L2-01,P517,Universite Bishop's,NORMALE
904,EMBARQUEMENT,BUS-L4-01,P535,Carrefour de l'Estrie,NORMALE
905,DEBARQUEMENT,BUS-L8-01,P251,CHUS-Fleurimont,NORMALE
906,DEBARQUEMENT,BUS-L4-02,P418,Galvin,NORMALE
907,DEBARQUEMENT,BUS-L8-01,P269,Universite de Sherbrooke,NORMALE
908,DEBARQUEMENT,BUS-L7-02,P413,CHUS-Fleurimont,NORMALE
909,DEBARQUEMENT,BUS-L2-01,P481,Station du Cegep,HAUTE
910,DEBARQUEMENT,BUS-L2-01,P473,Universite de Sherbrooke,HAUTE
911,EMBARQUEMENT,BUS-L6-02,P536,CHUS-Fleurimont,NORMALE
912,DEBARQUEMENT,BUS-L2-02,P489,Universite Bishop's,HAUTE
913,DEBARQUEMENT,BUS-L11-01,P464,King Ouest,NORMALE
914,DEBARQUEMENT,BUS-L2-01,P503,Universite Bishop's,NORMALE
915,DEBARQUEMENT,BUS-L11-02,P471,King Ouest,NORMALE
916,DEBARQUEMENT,BUS-L4-02,P421,Station du Cegep,NORMALE
917,DEBARQUEMENT,BUS-L8-02,P426,Universite de Sherbrooke,HAUTE
918,EMBARQUEMENT,BUS-L6-02,P537,De Lisieux,NORMALE
919,EMBARQUEMENT,BUS-L11-01,P538,King Ouest,HAUTE
920,EMBARQUEMENT,BUS-L11-01,P539,Universite Bishop's,NORMALE
921,DEBARQUEMENT,BUS-L8-02,P322,Universite de Sherbrooke,NORMALE
922,EMBARQUEMENT,BUS-L11-02,P540,Plateau St-Joseph,NORMALE
923,EMBARQUEMENT,BUS-L2-01,P541,Station du Cegep,NORMALE
924,EMBARQUEMENT,BUS-L1-02,P542,Bowen Sud,HAUTE
925,EMBARQUEMENT,BUS-L8-01,P543,CHUS-Fleurimont,NORMALE
926,EMBARQUEMENT,BUS-L3-01,P544,13e Avenue,NORMALE
927,EMBARQUEMENT,BUS-L11-02,P545,Plateau St-Joseph,HAUTE
928,DEBARQUEMENT,BUS-L8-01,P439,CHUS-Fleurimont,NORMALE
929,EMBARQUEMENT,BUS-L6-01,P546,Universite de Sherbrooke,NORMALE
930,EMBARQUEMENT,BUS-L3-02,P547,King Ouest,NORMALE
931,DEBARQUEMENT,BUS-L3-02,P443,Carrefour de l'Estrie,NORMALE
932,EMBARQUEMENT,BUS-L7-02,P548,CHUS-Fleurimont,HAUTE
933,EMBARQUEMENT,BUS-L4-01,P549,Galvin,NORMALE
934,EMBARQUEMENT,BUS-L6-02,P550,De Lisieux,NORMALE
935,DEBARQUEMENT,BUS-L7-02,P371,CHUS-Fleurimont,NORMALE
936,EMBARQUEMENT,BUS-L6-01,P551,CHUS-Fleurimont,HAUTE
937,DEBARQUEMENT,BUS-L4-01,P535,Galvin,NORMALE
938,DEBARQUEMENT,BUS-L7-01,P505,Plateau St-Joseph,NORMALE
939,DEBARQUEMENT,BUS-L4-02,P458,Carrefour de l'Estrie,NORMALE
940,EMBARQUEMENT,BUS-L2-01,P552,King Ouest,NORMALE
941,DEBARQUEMENT,BUS-L3-01,P544,Carrefour de l'Estrie,HAUTE
942,DEBARQUEMENT,BUS-L7-01,P436,CHUS-Fleurimont,NORMALE
943,EMBARQUEMENT,BUS-L4-01,P553,King Ouest,NORMALE
944,EMBARQUEMENT,BUS-L4-01,P554,Carrefour de l'Estrie,NORMALE
945,DEBARQUEMENT,BUS-L6-01,P354,De Lisieux,NORMALE
946,DEBARQUEMENT,BUS-L11-01,P539,Universite Bishop's,NORMALE
947,DEBARQUEMENT,BUS-L2-02,P268,King Ouest,NORMALE
948,DEBARQUEMENT,BUS-L1-01,P419,Bowen Sud,HAUTE
949,EMBARQUEMENT,BUS-L1-02,P555,Universite de Sherbrooke,HAUTE
950,EMBARQUEMENT,BUS-L2-02,P556,Universite de Sherbrooke,NORMALE
951,DEBARQUEMENT,BUS-L3-02,P463,King Ouest,HAUTE
952,EMBARQUEMENT,BUS-L2-01,P557,King Ouest,HAUTE
953,EMBARQUEMENT,BUS-L1-01,P558,King Ouest,HAUTE
954,EMBARQUEMENT,BUS-L3-02,P559,13e Avenue,NORMALE
955,EMBARQUEMENT,BUS-L3-01,P560,13e Avenue,HAUTE
956,EMBARQUEMENT,BUS-L2-01,P561,Station du Cegep,NORMALE
957,EMBARQUEMENT,BUS-L6-02,P562,CHUS-Fleurimont,HAUTE
958,EMBARQUEMENT,BUS-L3-01,P563,Carrefour de l'Estrie,HAUTE
959,EMBARQUEMENT,BUS-L2-02,P564,Station du Cegep,NORMALE
960,DEBARQUEMENT,BUS-L1-01,P424,Universite de Sherbrooke,NORMALE
961,EMBARQUEMENT,BUS-L1-02,P565,Carrefour de l'Estrie,NORMALE
962,EMBARQUEMENT,BUS-L7-01,P566,CHUS-Fleurimont,HAUTE
963,DEBARQUEMENT,BUS-L7-02,P164,Andre/Hallee,NORMALE
964,EMBARQUEMENT,BUS-L1-02,P567,Universite de Sherbrooke,HAUTE
965,DEBARQUEMENT,BUS-L3-01,P525,Carrefour de l'Estrie,NORMALE
966,DEBARQUEMENT,BUS-L11-02,P206,Universite Bishop's,NORMALE
967,EMBARQUEMENT,BUS-L7-01,P568,Andre/Hallee,NORMALE
968,EMBARQUEMENT,BUS-L8-02,P569,Universite de Sherbrooke,NORMALE
969,EMBARQUEMENT,BUS-L8-02,P570,CHUS-Fleurimont,NORMALE
970,EMBARQUEMENT,BUS-L4-02,P571,Galvin,NORMALE
971,EMBARQUEMENT,BUS-L2-01,P572,Universite Bishop's,NORMALE
972,EMBARQUEMENT,BUS-L1-02,P573,Universite de Sherbrooke,HAUTE
973,EMBARQUEMENT,BUS-L2-01,P574,King Ouest,NORMALE
974,EMBARQUEMENT,BUS-L11-01,P575,Universite Bishop's,NORMALE
975,EMBARQUEMENT,BUS-L4-02,P576,King Ouest,HAUTE
976,EMBARQUEMENT,BUS-L11-02,P577,Universite Bishop's,NORMALE
977,EMBARQUEMENT,BUS-L1-01,P578,Bowen Sud,NORMALE
978,EMBARQUEMENT,BUS-L3-01,P579,Carrefour de l'Estrie,NORMALE
979,EMBARQUEMENT,BUS-L4-02,P580,Carrefour de l'Estrie,NORMALE
980,EMBARQUEMENT,BUS-L1-02,P581,Bowen Sud,HAUTE
981,EMBARQUEMENT,BUS-L8-01,P582,CHUS-Fleurimont,HAUTE
982,EMBARQUEMENT,BUS-L3-01,P583,13e Avenue,NORMALE
983,EMBARQUEMENT,BUS-L2-02,P584,Universite Bishop's,NORMALE
984,EMBARQUEMENT,BUS-L1-02,P585,King Ouest,NORMALE
985,EMBARQUEMENT,BUS-L2-02,P586,King Ouest,NORMALE
986,EMBARQUEMENT,BUS-L2-01,P587,Universite de Sherbrooke,NORMALE
987,EMBARQUEMENT,BUS-L6-02,P588,De Lisieux,HAUTE
988,EMBARQUEMENT,BUS-L2-02,P589,Station du Cegep,NORMALE
989,EMBARQUEMENT,BUS-L11-02,P590,Plateau St-Joseph,NORMALE
990,EMBARQUEMENT,BUS-L4-01,P591,Galvin,NORMALE
991,EMBARQUEMENT,BUS-L11-01,P592,King Ouest,NORMALE
992,EMBARQUEMENT,BUS-L6-02,P593,CHUS-Fleurimont,HAUTE
993,EMBARQUEMENT,BUS-L3-02,P594,13e Avenue,HAUTE
994,EMBARQUEMENT,BUS-L3-02,P595,Carrefour de l'Estrie,NORMALE
995,EMBARQUEMENT,BUS-L7-02,P596,Andre/Hallee,NORMALE
996,EMBARQUEMENT,BUS-L3-01,P597,Station du Cegep,NORMALE
997,EMBARQUEMENT,BUS-L1-02,P598,Bowen Sud,NORMALE
998,EMBARQUEMENT,BUS-L7-01,P599,CHUS-Fleurimont,NORMALE
999,EMBARQUEMENT,BUS-L6-02,P600,De Lisieux,NORMALE
